{
  "accuracy": 0.9735712768217548,
  "precision": 0.3814668235461903,
  "recall": 0.807167106752169,
  "f1_score": 0.5180862912207641,
  "roc_auc": 0.9806057316373561,
  "threshold": 0.89
}