{
  "learning_rate": 0.24253654270168734,
  "max_depth": 16,
  "subsample": 0.9211175843676007,
  "colsample_bytree": 0.8231091785800173,
  "gamma": 0.12692181379960618,
  "min_child_weight": 3,
  "reg_alpha": 0.945337003350885,
  "reg_lambda": 2.810951689949089,
  "n_estimators": 155,
  "objective": "binary:logistic",
  "eval_metric": "logloss",
  "verbosity": 0,
  "tree_method": "hist",
  "threshold": 0.89,
  "best_f1_validation": 0.5318833415719229
}